health_board,numerator,finish_2021,start_2010
 Ayrshire & Arran,83388,22.62,16.31
 Lanarkshire,147046,22.14,16.07
 Fife,79882,21.32,15.26
 Greater Glasgow & Clyde,251524,21.22,16.61
 Dumfries & Galloway,31409,21.11,14.75
 Tayside,86314,20.67,15.21
 Borders,23891,20.59,15.15
 Forth Valley,61860,20.23,14.86
 Highland,60264,18.58,13.48
 Orkney,4189,18.58,12.28
 Western Isles,4939,18.54,13.79
 Lothian,162261,17.71,13.49
 Grampian,102886,17.54,12.45
 Shetland,4018,17.52,11.72
